PROBE	0	553ms	block	
PROBE	1	326ms	block	
PROBE	2	332ms	block	
PROBE	3	339ms	block	
PROBE	4	334ms	block	
PROBE	5	368ms	block	
PROBE	6	318ms	block	
PROBE	7	320ms	block	
PROBE	8	323ms	block	
PROBE	9	316ms	block	
PROBE	10	318ms	block	
PROBE	11	321ms	block	
PROBE	12	322ms	block	
PROBE	13	343ms	block	
PROBE	14	328ms	block	
PROBE	15	343ms	block	
PROBE	16	318ms	block	
PROBE	17	324ms	block	
PROBE	18	339ms	block	
PROBE	19	466ms	block	
PROBE	20	337ms	block	
PROBE	21	315ms	block	
PROBE	22	321ms	block	
PROBE	23	317ms	block	
PROBE	24	329ms	block	
PROBE	25	320ms	block	
PROBE	26	322ms	block	
PROBE	27	318ms	block	
PROBE	28	322ms	block	
PROBE	29	315ms	block	
PROBE	30	336ms	block	
PROBE	31	326ms	block	
PROBE	32	336ms	block	
PROBE	33	343ms	block	
PROBE	34	329ms	block	
PROBE	35	318ms	block	
PROBE	36	312ms	block	
PROBE	37	317ms	block	
PROBE	38	320ms	block	
PROBE	39	333ms	block	
