run	i	startUTC	endUTC	load1Start	load1End	rc	failedCases	retryLines
a1	1	18:24:10	18:24:23	13.19	15.32	1	uninstall;	0
a1	2	18:24:23	18:24:35	15.32	21.90	0	-	0
a1	3	18:24:35	18:24:47	21.90	22.93	0	-	0
a1	4	18:24:48	18:25:00	22.93	23.93	0	-	0
a1	5	18:25:00	18:25:12	23.93	26.88	0	-	0
a1	6	18:25:12	18:25:25	26.88	26.81	0	-	0
a2	1	18:24:10	18:24:22	13.19	15.32	0	-	0
a2	2	18:24:22	18:24:34	15.32	21.90	0	-	0
a2	3	18:24:34	18:24:46	21.90	22.75	0	-	0
a2	4	18:24:46	18:24:59	22.75	23.93	0	-	0
a2	5	18:24:59	18:25:11	23.93	23.47	0	-	0
a2	6	18:25:11	18:25:23	23.47	26.81	0	-	0
b1	1	18:25:40	18:25:52	22.06	23.56	0	-	0
b1	2	18:25:52	18:26:04	23.56	31.88	0	-	0
b1	3	18:26:05	18:26:17	31.88	33.53	0	-	0
b1	4	18:26:17	18:26:29	33.53	37.90	0	-	0
b1	5	18:26:29	18:26:41	37.90	45.35	0	-	0
b1	6	18:26:41	18:26:53	45.35	52.40	0	-	0
b1	7	18:26:53	18:27:06	52.40	51.14	0	-	0
b1	8	18:27:06	18:27:18	51.14	45.08	0	-	0
b1	9	18:27:18	18:27:30	45.08	49.02	0	-	0
b1	10	18:27:30	18:27:43	49.02	47.18	0	-	0
b1	11	18:27:43	18:27:56	47.18	47.02	0	-	0
b1	12	18:27:56	18:28:09	47.02	47.41	0	-	0
b1	13	18:28:09	18:28:22	47.41	47.96	0	-	0
b1	14	18:28:22	18:28:34	47.96	48.89	0	-	0
b1	15	18:28:35	18:28:48	48.89	44.10	0	-	0
b1	16	18:28:48	18:29:01	44.10	42.07	0	-	0
b1	17	18:29:01	18:29:14	42.07	40.91	0	-	0
b1	18	18:29:14	18:29:26	40.91	42.01	0	-	0
b1	19	18:29:26	18:29:38	42.01	43.24	0	-	0
b1	20	18:29:39	18:29:51	43.24	46.05	0	-	0
b1	21	18:29:51	18:30:03	46.05	77.09	0	-	0
b1	22	18:30:03	18:30:18	77.09	95.76	0	-	0
b1	23	18:30:18	18:30:34	95.76	110.02	0	-	0
b1	24	18:30:34	18:30:47	110.02	114.17	0	-	0
b1	25	18:30:47	18:31:02	114.17	112.03	0	-	0
b1	26	18:31:02	18:31:18	112.03	125.40	0	-	0
b1	27	18:31:18	18:31:34	125.40	130.52	0	-	0
b1	28	18:31:34	18:31:49	130.52	126.50	0	-	0
b1	29	18:31:49	18:32:02	126.50	122.55	0	-	0
b1	30	18:32:02	18:32:17	122.55	114.36	0	-	0
b1	31	18:32:17	18:32:30	114.36	106.66	0	-	0
b1	32	18:32:30	18:32:47	106.66	102.32	0	-	0
b1	33	18:32:47	18:33:05	102.32	99.14	0	-	0
b1	34	18:33:05	18:33:23	99.14	96.05	0	-	0
b1	35	18:33:23	18:33:39	96.05	92.25	0	-	0
b1	36	18:33:39	18:33:56	92.25	92.17	0	-	0
b1	37	18:33:56	18:34:14	92.17	85.04	0	-	0
b1	38	18:34:14	18:34:31	85.04	95.31	0	-	0
b1	39	18:34:31	18:34:45	95.31	93.10	0	-	0
b1	40	18:34:45	18:35:00	93.10	89.95	0	-	0
b2	1	18:25:40	18:25:53	22.06	23.56	0	-	0
b2	2	18:25:53	18:26:06	23.56	31.88	0	-	0
b2	3	18:26:06	18:26:18	31.88	37.97	0	-	0
b2	4	18:26:18	18:26:30	37.97	37.90	0	-	0
b2	5	18:26:30	18:26:41	37.90	45.35	0	-	0
b2	6	18:26:41	18:26:54	45.35	52.40	0	-	0
b2	7	18:26:54	18:27:07	52.40	51.14	0	-	0
b2	8	18:27:07	18:27:19	51.14	45.08	0	-	0
b2	9	18:27:19	18:27:31	45.08	49.02	0	-	0
b2	10	18:27:31	18:27:43	49.02	47.18	0	-	0
b2	11	18:27:43	18:27:56	47.18	47.02	0	-	0
b2	12	18:27:56	18:28:09	47.02	47.41	0	-	0
b2	13	18:28:09	18:28:22	47.41	46.48	0	-	0
b2	14	18:28:22	18:28:34	46.48	48.89	0	-	0
b2	15	18:28:34	18:28:48	48.89	44.10	0	-	0
b2	16	18:28:48	18:29:02	44.10	42.07	0	-	0
b2	17	18:29:02	18:29:14	42.07	40.91	0	-	0
b2	18	18:29:14	18:29:27	40.91	42.01	0	-	0
b2	19	18:29:27	18:29:39	42.01	43.24	0	-	0
b2	20	18:29:39	18:29:52	43.24	46.05	0	-	0
b2	21	18:29:52	18:30:04	46.05	77.09	0	-	0
b2	22	18:30:04	18:30:19	77.09	95.76	0	-	0
b2	23	18:30:19	18:30:35	95.76	110.02	0	-	0
b2	24	18:30:35	18:30:48	110.02	113.99	0	-	0
b2	25	18:30:48	18:31:04	113.99	112.19	0	-	0
b2	26	18:31:04	18:31:21	112.19	125.40	0	-	0
b2	27	18:31:21	18:31:36	125.40	130.52	0	-	0
b2	28	18:31:36	18:31:51	130.52	126.50	0	-	0
b2	29	18:31:51	18:32:04	126.50	122.55	0	-	0
b2	30	18:32:04	18:32:18	122.55	109.44	0	-	0
b2	31	18:32:18	18:32:32	109.44	106.66	0	-	0
b2	32	18:32:32	18:32:49	106.66	104.14	0	-	0
b2	33	18:32:49	18:33:08	104.14	100.17	0	-	0
b2	34	18:33:08	18:33:24	100.17	96.05	0	-	0
b2	35	18:33:24	18:33:39	96.05	92.25	0	-	0
b2	36	18:33:39	18:33:57	92.25	92.17	0	-	0
b2	37	18:33:57	18:34:14	92.17	85.04	0	-	0
b2	38	18:34:14	18:34:32	85.04	95.31	0	-	0
b2	39	18:34:32	18:34:46	95.31	93.10	0	-	0
b2	40	18:34:46	18:35:00	93.10	89.95	0	-	0
c1	1	18:38:09	18:38:43	102.22	156.69	1	frontier;	1
c1	2	18:38:43	18:39:20	156.69	199.18	0	-	1
c1	3	18:39:20	18:39:56	199.18	226.57	0	-	1
c1	4	18:39:56	18:40:34	226.57	221.15	1	frontier;	1
c1	5	18:40:34	18:41:18	221.15	219.90	1	frontier;uninstall;	1
c1	6	18:41:18	18:41:58	219.90	204.48	1	frontier;	2
c1	7	18:41:59	18:42:33	204.48	207.73	1	frontier;	1
c1	8	18:42:33	18:43:09	207.73	203.64	1	frontier;	1
c1	9	18:43:09	18:43:40	203.64	207.81	1	frontier;	1
c1	10	18:43:40	18:44:17	207.81	195.56	0	-	1
c2	1	18:38:09	18:38:46	102.22	156.69	1	frontier;	1
c2	2	18:38:46	18:39:25	156.69	208.30	1	frontier;	1
c2	3	18:39:26	18:40:02	208.30	228.85	1	frontier;	1
c2	4	18:40:02	18:40:37	228.85	221.15	1	frontier;	1
c2	5	18:40:37	18:41:17	221.15	223.72	1	frontier;	1
c2	6	18:41:17	18:42:03	223.72	199.32	1	frontier;uninstall;	2
c2	7	18:42:03	18:42:39	199.32	206.07	0	-	1
c2	8	18:42:39	18:43:17	206.07	207.11	1	frontier;	1
c2	9	18:43:17	18:43:49	207.11	201.58	1	frontier;	1
c2	10	18:43:49	18:44:22	201.58	195.56	1	frontier;	1
