lane	run	startUTC	endUTC	load1Start	load1End	exit	upgrade	upgradeSessionStartTimeBoundRetries	otherFailedCases
a	1	17:33:48	17:34:04	78.41	79.26	0	PASS	0	-
a	2	17:34:04	17:34:22	79.26	89.63	0	PASS	0	-
a	3	17:34:22	17:34:45	89.63	91.35	0	PASS	0	-
a	4	17:34:45	17:35:01	91.35	83.76	0	PASS	0	-
a	5	17:35:01	17:35:19	83.76	75.90	0	PASS	0	-
a	6	17:35:19	17:35:34	75.90	73.67	0	PASS	0	-
a	7	17:35:34	17:35:50	73.67	69.12	0	PASS	0	-
a	8	17:35:50	17:36:06	69.12	63.94	0	PASS	0	-
a	9	17:36:06	17:36:23	63.94	63.45	0	PASS	0	-
a	10	17:36:23	17:36:38	63.45	61.48	0	PASS	0	-
a	11	17:36:38	17:36:58	61.48	67.68	0	PASS	0	-
a	12	17:36:58	17:37:13	67.68	66.81	0	PASS	0	-
a	13	17:37:13	17:37:26	66.81	71.03	0	PASS	0	-
a	14	17:37:27	17:37:43	71.03	67.79	0	PASS	0	-
a	15	17:37:43	17:37:57	67.79	68.01	0	PASS	0	-
a	16	17:37:57	17:38:13	68.01	60.90	0	PASS	0	-
a	17	17:38:13	17:38:27	60.90	58.33	0	PASS	0	-
a	18	17:38:27	17:38:42	58.33	54.69	0	PASS	0	-
a	19	17:38:42	17:38:58	54.69	52.62	0	PASS	0	-
a	20	17:38:58	17:39:15	52.62	55.09	0	PASS	0	-
a	21	17:39:15	17:39:32	55.09	68.95	0	PASS	0	-
a	22	17:39:32	17:39:52	68.95	68.92	0	PASS	0	-
a	23	17:39:52	17:40:10	68.92	68.43	0	PASS	0	-
a	24	17:40:11	17:40:25	68.43	68.06	0	PASS	0	-
a	25	17:40:26	17:40:43	68.06	75.17	0	PASS	0	-
a	26	17:40:43	17:40:59	75.17	78.15	0	PASS	0	-
a	27	17:40:59	17:41:13	78.15	71.85	0	PASS	0	-
a	28	17:41:13	17:41:33	71.85	81.22	1	PASS	0	frontier;
a	29	17:41:33	17:41:55	81.22	87.31	0	PASS	0	-
a	30	17:41:55	17:42:17	87.31	88.81	0	PASS	0	-
a	31	17:42:17	17:42:42	88.81	107.88	0	PASS	0	-
a	32	17:42:42	17:43:07	107.88	103.20	0	PASS	0	-
a	33	17:43:07	17:43:30	103.20	101.82	1	PASS	0	frontier;
a	34	17:43:30	17:43:54	101.82	97.12	0	PASS	0	-
a	35	17:43:55	17:44:22	97.12	96.94	1	PASS	0	frontier;
a	36	17:44:22	17:44:41	96.94	86.53	0	PASS	0	-
a	37	17:44:41	17:45:02	86.53	127.90	0	PASS	0	-
a	38	17:45:03	17:45:25	127.90	145.77	0	PASS	0	-
a	39	17:45:26	17:45:43	145.77	166.44	0	PASS	0	-
a	40	17:45:43	17:46:00	166.44	183.75	0	PASS	0	-
a	41	17:46:00	17:46:16	183.75	188.52	0	PASS	0	-
a	42	17:46:16	17:46:33	188.52	209.97	0	PASS	0	-
a	43	17:46:33	17:46:55	209.97	237.80	0	PASS	0	-
a	44	17:46:55	17:47:15	237.80	258.73	0	PASS	0	-
a	45	17:47:15	17:47:32	258.73	255.50	0	PASS	0	-
a	46	17:47:33	17:47:54	255.50	230.33	0	PASS	0	-
a	47	17:47:54	17:48:18	230.33	202.47	1	PASS	0	uninstall;
a	48	17:48:18	17:48:44	202.47	206.62	0	PASS	0	-
a	49	17:48:44	17:49:08	206.62	212.21	1	PASS	0	uninstall;
a	50	17:49:08	17:49:36	212.21	195.86	0	PASS	0	-
a	51	17:49:36	17:50:03	196.75	192.73	1	PASS	0	frontier;
a	52	17:50:03	17:50:28	192.73	210.77	0	PASS	0	-
a	53	17:50:28	17:50:48	210.77	212.82	1	PASS	0	uninstall;
a	54	17:50:48	17:51:04	212.82	203.15	0	PASS	0	-
a	55	17:51:04	17:51:18	203.15	196.16	0	PASS	0	-
a	56	17:51:18	17:51:31	196.16	192.34	0	PASS	0	-
a	57	17:51:31	17:51:44	192.34	183.27	0	PASS	0	-
a	58	17:51:44	17:51:57	183.27	177.05	0	PASS	0	-
a	59	17:51:57	17:52:09	177.05	176.25	0	PASS	0	-
a	60	17:52:09	17:52:21	176.25	172.99	0	PASS	0	-
a	61	17:52:21	17:52:36	172.99	175.67	0	PASS	0	-
a	62	17:52:36	17:52:52	175.67	177.78	0	PASS	0	-
a	63	17:52:52	17:53:06	177.78	170.44	0	PASS	0	-
a	64	17:53:06	17:53:19	170.44	174.73	0	PASS	0	-
a	65	17:53:19	17:53:32	174.73	174.27	0	PASS	0	-
a	66	17:53:32	17:53:45	174.27	173.62	0	PASS	0	-
a	67	17:53:45	17:53:58	173.62	169.80	0	PASS	0	-
a	68	17:53:58	17:54:11	169.80	168.96	0	PASS	0	-
a	69	17:54:11	17:54:23	168.96	166.94	0	PASS	0	-
a	70	17:54:23	17:54:36	166.94	170.03	0	PASS	0	-
a	71	17:54:36	17:54:50	170.03	174.62	0	PASS	0	-
a	72	17:54:50	17:55:04	174.62	173.30	0	PASS	0	-
a	73	17:55:04	17:55:18	173.30	165.04	0	PASS	0	-
a	74	17:55:18	17:55:30	165.04	158.09	0	PASS	0	-
a	75	17:55:30	17:55:43	158.09	152.59	0	PASS	0	-
a	76	17:55:43	17:55:57	152.59	147.75	0	PASS	0	-
a	77	17:55:57	17:56:10	147.75	148.50	0	PASS	0	-
a	78	17:56:10	17:56:25	148.50	151.09	0	PASS	0	-
a	79	17:56:25	17:56:37	151.09	143.54	0	PASS	0	-
a	80	17:56:37	17:56:51	143.54	134.85	0	PASS	0	-
a	81	17:56:51	17:57:03	134.85	125.43	0	PASS	0	-
a	82	17:57:03	17:57:17	125.43	115.41	0	PASS	0	-
a	83	17:57:18	17:57:32	115.41	105.24	0	PASS	0	-
a	84	17:57:32	17:57:46	105.24	102.98	0	PASS	0	-
a	85	17:57:47	17:58:01	102.98	97.33	0	PASS	0	-
a	86	17:58:01	17:58:17	97.33	95.39	0	PASS	0	-
a	87	17:58:17	17:58:32	99.36	115.65	0	PASS	0	-
a	88	17:58:32	17:58:51	115.65	128.04	0	PASS	0	-
a	89	17:58:51	17:59:07	128.04	117.38	0	PASS	0	-
a	90	17:59:07	17:59:21	117.38	111.41	0	PASS	0	-
a	91	17:59:21	17:59:34	111.41	129.04	0	PASS	0	-
a	92	17:59:34	17:59:48	129.04	148.09	0	PASS	0	-
a	93	17:59:48	18:00:03	148.09	131.43	0	PASS	0	-
a	94	18:00:03	18:00:16	131.43	124.48	0	PASS	0	-
a	95	18:00:16	18:00:29	124.48	109.50	0	PASS	0	-
a	96	18:00:29	18:00:41	109.50	108.51	0	PASS	0	-
a	97	18:00:41	18:00:54	108.51	105.39	0	PASS	0	-
a	98	18:00:54	18:01:07	105.39	105.82	0	PASS	0	-
a	99	18:01:07	18:01:21	105.82	106.64	0	PASS	0	-
a	100	18:01:21	18:01:34	106.64	105.69	0	PASS	0	-
b	1	17:33:48	17:34:03	78.41	79.26	0	PASS	0	-
b	2	17:34:03	17:34:22	79.26	89.63	0	PASS	0	-
b	3	17:34:22	17:34:44	89.63	91.35	0	PASS	0	-
b	4	17:34:44	17:35:01	91.35	83.76	0	PASS	0	-
b	5	17:35:02	17:35:20	83.76	75.90	1	PASS	0	uninstall;
b	6	17:35:21	17:35:37	75.90	71.45	0	PASS	0	-
b	7	17:35:37	17:35:53	71.45	67.35	0	PASS	0	-
b	8	17:35:53	17:36:09	67.35	63.94	0	PASS	0	-
b	9	17:36:09	17:36:25	63.94	63.45	0	PASS	0	-
b	10	17:36:25	17:36:41	63.45	63.68	0	PASS	0	-
b	11	17:36:41	17:37:02	63.68	66.18	0	PASS	0	-
b	12	17:37:02	17:37:16	66.18	66.81	0	PASS	0	-
b	13	17:37:16	17:37:31	69.63	71.03	0	PASS	0	-
b	14	17:37:31	17:37:47	68.30	66.45	0	PASS	0	-
b	15	17:37:47	17:38:02	66.45	65.20	0	PASS	0	-
b	16	17:38:02	17:38:18	65.20	61.15	0	PASS	0	-
b	17	17:38:18	17:38:31	61.15	58.14	0	PASS	0	-
b	18	17:38:31	17:38:47	58.14	53.43	0	PASS	0	-
b	19	17:38:47	17:39:03	53.43	52.01	0	PASS	0	-
b	20	17:39:03	17:39:22	52.01	66.38	0	PASS	0	-
b	21	17:39:22	17:39:44	66.38	74.57	1	PASS	0	uninstall;
b	22	17:39:44	17:40:02	74.57	69.42	0	PASS	0	-
b	23	17:40:03	17:40:18	69.42	69.02	0	PASS	0	-
b	24	17:40:18	17:40:34	69.02	70.41	0	PASS	0	-
b	25	17:40:34	17:40:51	70.41	76.92	0	PASS	0	-
b	26	17:40:51	17:41:06	76.92	73.50	0	PASS	0	-
b	27	17:41:06	17:41:25	73.50	76.08	1	PASS	0	uninstall;
b	28	17:41:26	17:41:49	76.08	86.73	0	PASS	0	-
b	29	17:41:49	17:42:11	86.73	82.55	1	PASS	0	frontier;
b	30	17:42:11	17:42:31	82.55	92.37	0	PASS	0	-
b	31	17:42:31	17:42:54	92.37	107.34	0	PASS	0	-
b	32	17:42:54	17:43:18	107.34	97.78	0	PASS	0	-
b	33	17:43:19	17:43:46	97.78	94.09	1	PASS	0	frontier;
b	34	17:43:47	17:44:15	94.09	98.18	0	PASS	0	-
b	35	17:44:16	17:44:35	98.18	90.32	0	PASS	0	-
b	36	17:44:35	17:44:54	90.32	111.89	0	PASS	0	-
b	37	17:44:54	17:45:14	111.89	133.72	0	PASS	0	-
b	38	17:45:14	17:45:34	133.72	159.03	1	PASS	0	frontier;
b	39	17:45:34	17:45:50	159.03	174.10	0	PASS	0	-
b	40	17:45:51	17:46:06	174.10	186.58	0	PASS	0	-
b	41	17:46:06	17:46:23	187.09	197.00	0	PASS	0	-
b	42	17:46:23	17:46:42	197.00	221.34	1	PASS	0	frontier;
b	43	17:46:43	17:47:03	221.34	248.21	0	PASS	0	-
b	44	17:47:03	17:47:20	248.21	257.87	0	PASS	0	-
b	45	17:47:20	17:47:37	257.87	248.33	0	PASS	0	-
b	46	17:47:37	17:47:59	248.33	220.61	0	PASS	0	-
b	47	17:47:59	17:48:22	220.61	203.39	0	PASS	0	-
b	48	17:48:22	17:48:48	203.39	207.85	1	PASS	0	frontier;
b	49	17:48:48	17:49:12	207.85	207.55	0	PASS	0	-
b	50	17:49:12	17:49:43	207.55	200.38	1	PASS	0	frontier;
b	51	17:49:43	17:50:10	200.38	193.87	0	PASS	0	-
b	52	17:50:11	17:50:33	193.87	211.83	1	PASS	0	frontier;
b	53	17:50:33	17:50:54	211.83	206.91	1	PASS	0	uninstall;
b	54	17:50:54	17:51:08	206.91	201.37	0	PASS	0	-
b	55	17:51:08	17:51:22	201.37	194.46	0	PASS	0	-
b	56	17:51:22	17:51:34	194.46	186.63	0	PASS	0	-
b	57	17:51:34	17:51:48	186.63	181.09	0	PASS	0	-
b	58	17:51:48	17:52:01	181.09	177.05	0	PASS	0	-
b	59	17:52:01	17:52:14	177.05	173.43	0	PASS	0	-
b	60	17:52:14	17:52:26	173.43	174.07	0	PASS	0	-
b	61	17:52:27	17:52:42	174.07	182.56	0	PASS	0	-
b	62	17:52:42	17:52:56	182.56	177.78	0	PASS	0	-
b	63	17:52:56	17:53:09	177.78	171.04	0	PASS	0	-
b	64	17:53:09	17:53:21	171.04	174.73	0	PASS	0	-
b	65	17:53:21	17:53:34	174.73	174.27	0	PASS	0	-
b	66	17:53:34	17:53:48	174.27	172.85	0	PASS	0	-
b	67	17:53:48	17:54:02	172.85	169.74	0	PASS	0	-
b	68	17:54:02	17:54:15	169.74	167.52	0	PASS	0	-
b	69	17:54:15	17:54:27	167.52	169.43	0	PASS	0	-
b	70	17:54:27	17:54:40	169.43	171.31	0	PASS	0	-
b	71	17:54:40	17:54:54	171.31	176.98	0	PASS	0	-
b	72	17:54:54	17:55:08	176.98	169.76	0	PASS	0	-
b	73	17:55:08	17:55:21	169.76	165.04	0	PASS	0	-
b	74	17:55:22	17:55:34	162.71	153.36	0	PASS	0	-
b	75	17:55:34	17:55:48	153.36	152.62	0	PASS	0	-
b	76	17:55:48	17:56:04	152.62	147.85	0	PASS	0	-
b	77	17:56:04	17:56:16	147.85	148.06	0	PASS	0	-
b	78	17:56:16	17:56:31	148.06	148.68	0	PASS	0	-
b	79	17:56:31	17:56:44	148.68	137.97	0	PASS	0	-
b	80	17:56:44	17:56:56	137.97	130.22	0	PASS	0	-
b	81	17:56:57	17:57:11	130.22	122.35	0	PASS	0	-
b	82	17:57:11	17:57:25	122.35	112.66	0	PASS	0	-
b	83	17:57:25	17:57:38	112.66	102.97	0	PASS	0	-
b	84	17:57:38	17:57:53	102.97	100.06	0	PASS	0	-
b	85	17:57:53	17:58:08	100.06	96.99	0	PASS	0	-
b	86	17:58:08	17:58:24	96.99	105.82	0	PASS	0	-
b	87	17:58:24	17:58:41	105.82	122.64	0	PASS	0	-
b	88	17:58:41	17:58:59	122.64	121.88	0	PASS	0	-
b	89	17:58:59	17:59:14	121.88	112.15	0	PASS	0	-
b	90	17:59:14	17:59:28	112.15	124.43	0	PASS	0	-
b	91	17:59:28	17:59:40	124.43	133.52	0	PASS	0	-
b	92	17:59:41	17:59:56	133.52	144.40	0	PASS	0	-
b	93	17:59:56	18:00:09	144.40	127.39	0	PASS	0	-
b	94	18:00:09	18:00:22	127.39	115.29	0	PASS	0	-
b	95	18:00:22	18:00:35	115.29	109.78	0	PASS	0	-
b	96	18:00:35	18:00:47	109.78	105.60	0	PASS	0	-
b	97	18:00:47	18:01:00	105.60	106.48	0	PASS	0	-
b	98	18:01:00	18:01:13	106.48	103.04	0	PASS	0	-
b	99	18:01:13	18:01:25	103.04	104.90	0	PASS	0	-
b	100	18:01:25	18:01:38	104.90	108.99	0	PASS	0	-
